DSC_0437.JPG	2026:04:24 14:59:58
DSC_0438.JPG	2026:04:24 15:00:02
DSC_0439.JPG	2026:04:24 15:00:36
DSC_0440.JPG	2026:04:24 15:00:39
DSC_0441.JPG	2026:04:24 15:00:49
DSC_0442.JPG	2026:04:24 15:01:37
DSC_0443.JPG	2026:04:24 15:01:38
DSC_0444.JPG	2026:04:24 15:02:15
DSC_0445.JPG	2026:04:24 15:02:27
DSC_0446.JPG	2026:04:24 15:08:36
DSC_0447.JPG	2026:04:24 15:08:51
DSC_0448.JPG	2026:04:24 15:13:37
DSC_0449.JPG	2026:04:24 15:13:49
DSC_0450.JPG	2026:04:24 15:14:09
DSC_0451.JPG	2026:04:24 15:14:30
DSC_0452.JPG	2026:04:24 15:14:32
DSC_0453.JPG	2026:04:24 15:18:52
DSC_0454.JPG	2026:04:24 15:18:55
DSC_0455.JPG	2026:04:24 15:19:01
DSC_0456.JPG	2026:04:24 15:19:24
DSC_0457.JPG	2026:04:24 15:19:26
DSC_0458.JPG	2026:04:24 15:20:17
DSC_0459.JPG	2026:04:24 15:20:21
DSC_0460.JPG	2026:04:24 15:20:24
DSC_0461.JPG	2026:04:24 15:23:27
DSC_0462.JPG	2026:04:24 15:23:35
DSC_0463.JPG	2026:04:24 15:26:08
DSC_0464.JPG	2026:04:24 15:26:10
DSC_0465.JPG	2026:04:24 15:26:13
DSC_0466.JPG	2026:04:24 15:28:40
DSC_0467.JPG	2026:04:24 15:28:46
DSC_0468.JPG	2026:04:24 15:28:49
DSC_0469.JPG	2026:04:24 15:29:21
DSC_0470.JPG	2026:04:24 15:29:24
DSC_0471.JPG	2026:04:24 15:29:49
DSC_0472.JPG	2026:04:24 15:29:52
DSC_0473.JPG	2026:04:24 15:29:56
DSC_0474.JPG	2026:04:24 15:29:58
DSC_0475.JPG	2026:04:24 15:32:40
DSC_0476.JPG	2026:04:24 15:32:42
DSC_0477.JPG	2026:04:24 15:32:45
DSC_0478.JPG	2026:04:24 15:33:36
DSC_0479.JPG	2026:04:24 15:33:38
DSC_0480.JPG	2026:04:24 15:34:24
DSC_0481.JPG	2026:04:24 15:34:28
DSC_0482.JPG	2026:04:24 15:34:30
DSC_0483.JPG	2026:04:24 15:36:59
DSC_0484.JPG	2026:04:24 15:37:05
DSC_0485.JPG	2026:04:24 15:38:24
DSC_0486.JPG	2026:04:24 15:38:25
DSC_0487.JPG	2026:04:24 15:39:59
DSC_0488.JPG	2026:04:24 15:40:03
DSC_0489.JPG	2026:04:24 15:40:05
DSC_0490.JPG	2026:04:24 15:40:42
DSC_0491.JPG	2026:04:24 15:40:44
DSC_0492.JPG	2026:04:24 15:41:53
DSC_0493.JPG	2026:04:24 15:41:55
DSC_0494.JPG	2026:04:24 15:41:58
DSC_0495.JPG	2026:04:24 15:42:45
DSC_0496.JPG	2026:04:24 15:42:48
DSC_0497.JPG	2026:04:24 15:42:49
DSC_0498.JPG	2026:04:29 13:39:07
DSC_0499.JPG	2026:04:29 13:39:20
DSC_0500.JPG	2026:04:29 13:44:43
DSC_0501.JPG	2026:04:29 13:44:53
DSC_0502.JPG	2026:04:29 13:45:26
DSC_0503.JPG	2026:04:29 13:59:13
DSC_0504.JPG	2026:04:29 13:59:24
DSC_0505.JPG	2026:04:29 14:07:57
DSC_0506.JPG	2026:04:29 14:08:00
DSC_0507.JPG	2026:04:29 14:13:48
DSC_0508.JPG	2026:04:29 14:13:58
DSC_0509.JPG	2026:04:29 14:16:50
DSC_0510.JPG	2026:04:29 14:20:25
DSC_0511.JPG	2026:06:03 06:01:09
DSC_0512.JPG	2026:06:03 06:01:18
DSC_0513.JPG	2026:06:03 06:01:27
DSC_0514.JPG	2026:06:03 06:01:39
DSC_0515.JPG	2026:06:03 06:01:49
DSC_0516.JPG	2026:06:03 06:01:55
DSC_0517.JPG	2026:06:03 06:02:01
DSC_0518.JPG	2026:06:03 06:02:13
DSC_0519.JPG	2026:06:03 06:02:17
DSC_0520.JPG	2026:06:03 06:02:28
DSC_0521.JPG	2026:06:03 06:02:44
DSC_0522.JPG	2026:06:03 06:02:46
DSC_0523.JPG	2026:06:03 06:02:51
DSC_0524.JPG	2026:06:03 06:02:57
DSC_0525.JPG	2026:06:03 06:03:01
DSC_0526.JPG	2026:06:03 06:03:10
DSC_0527.JPG	2026:06:03 06:03:19
DSC_0528.JPG	2026:06:03 06:03:26
DSC_0529.JPG	2026:06:03 06:03:29
DSC_0530.JPG	2026:06:03 06:03:32
DSC_0531.JPG	2026:06:03 06:03:37
DSC_0532.JPG	2026:06:03 06:03:38
DSC_0533.JPG	2026:06:03 06:03:40
DSC_0534.JPG	2026:06:03 06:03:45
DSC_0535.JPG	2026:06:03 06:03:47
DSC_0536.JPG	2026:06:03 06:03:49
DSC_0537.JPG	2026:06:03 06:03:53
DSC_0538.JPG	2026:06:03 06:04:10
DSC_0539.JPG	2026:06:03 06:04:12
DSC_0540.JPG	2026:06:03 06:04:14
DSC_0541.JPG	2026:06:03 06:04:15
DSC_0542.JPG	2026:06:03 06:04:16
DSC_0543.JPG	2026:06:03 07:12:37
DSC_0544.JPG	2026:06:03 07:12:42
DSC_0545.JPG	2026:06:04 14:44:16
DSC_0546.JPG	2026:06:04 15:06:53
DSC_0547.JPG	2026:06:04 15:06:54
DSC_0548.JPG	2026:06:04 15:08:39
DSC_0549.JPG	2026:06:04 15:10:29
DSC_0550.JPG	2026:06:04 15:10:33
DSC_0551.JPG	2026:06:04 15:10:38
DSC_0552.JPG	2026:06:04 15:10:42
DSC_0553.JPG	2026:06:04 15:10:47
DSC_0554.JPG	2026:06:04 15:10:51
DSC_0555.JPG	2026:06:04 15:10:56
DSC_0556.JPG	2026:06:04 15:11:34
DSC_0557.JPG	2026:06:04 15:11:35
DSC_0558.JPG	2026:06:04 15:44:47
DSC_0559.JPG	2026:06:04 15:44:48
DSC_0560.JPG	2026:06:04 15:44:49
DSC_0561.JPG	2026:06:04 15:44:51
DSC_0562.JPG	2026:06:04 15:44:52
DSC_0563.JPG	2026:06:04 15:44:54
DSC_0564.JPG	2026:06:04 15:44:54
DSC_0565.JPG	2026:06:04 15:44:59
DSC_0566.JPG	2026:06:04 15:45:00
DSC_0567.JPG	2026:06:04 15:45:01
DSC_0568.JPG	2026:06:04 15:45:02
DSC_0569.JPG	2026:06:04 15:45:02
DSC_0570.JPG	2026:06:04 15:45:06
DSC_0571.JPG	2026:06:04 15:45:07
DSC_0572.JPG	2026:06:04 15:45:08
DSC_0573.JPG	2026:06:04 15:45:09
DSC_0574.JPG	2026:06:04 15:45:09
DSC_0575.JPG	2026:06:04 15:45:17
DSC_0576.JPG	2026:06:04 15:45:23
DSC_0577.JPG	2026:06:04 15:45:25
DSC_0578.JPG	2026:06:04 15:45:29
DSC_0579.JPG	2026:06:04 15:45:33
DSC_0580.JPG	2026:06:04 15:45:34
DSC_0581.JPG	2026:06:04 15:45:35
DSC_0582.JPG	2026:06:04 15:45:36
DSC_0583.JPG	2026:06:04 15:45:41
DSC_0584.JPG	2026:06:04 15:45:42
DSC_0585.JPG	2026:06:04 15:45:47
DSC_0586.JPG	2026:06:04 15:45:49
DSC_0587.JPG	2026:06:04 15:45:53
DSC_0588.JPG	2026:06:04 15:45:55
DSC_0589.JPG	2026:06:04 15:45:56
DSC_0590.JPG	2026:06:04 15:45:57
DSC_0591.JPG	2026:06:04 15:45:58
DSC_0592.JPG	2026:06:04 15:45:59
DSC_0593.JPG	2026:06:04 15:45:59
DSC_0594.JPG	2026:06:04 15:46:03
DSC_0595.JPG	2026:06:04 15:46:04
DSC_0596.JPG	2026:06:04 15:46:04
DSC_0597.JPG	2026:06:04 15:46:08
DSC_0598.JPG	2026:06:04 15:46:09
DSC_0599.JPG	2026:06:04 15:46:09
DSC_0600.JPG	2026:06:04 15:46:10
DSC_0601.JPG	2026:06:04 15:46:11
DSC_0602.JPG	2026:06:04 15:46:12
DSC_0603.JPG	2026:06:04 15:46:15
DSC_0604.JPG	2026:06:04 15:46:16
DSC_0605.JPG	2026:06:04 15:46:17
DSC_0606.JPG	2026:06:05 17:40:04
DSC_0607.JPG	2026:06:05 17:40:36
DSC_0608.JPG	2026:06:05 17:40:37
DSC_0609.JPG	2026:06:05 17:40:38
DSC_0610.JPG	2026:06:05 17:40:45
DSC_0611.JPG	2026:06:05 17:40:46
DSC_0612.JPG	2026:06:05 17:47:51
DSC_0613.JPG	2026:06:05 17:47:55
DSC_0614.JPG	2026:06:05 17:48:00
DSC_0615.JPG	2026:06:05 17:48:04
DSC_0616.JPG	2026:06:05 17:48:09
DSC_0617.JPG	2026:06:05 17:48:13
DSC_0618.JPG	2026:06:05 17:48:18
DSC_0619.JPG	2026:06:05 17:57:18
DSC_0620.JPG	2026:06:05 17:57:19
DSC_0621.JPG	2026:06:05 17:57:20
DSC_0622.JPG	2026:06:05 17:57:23
DSC_0623.JPG	2026:06:05 17:57:24
DSC_0624.JPG	2026:06:05 17:57:25
DSC_0625.JPG	2026:06:05 17:57:26
DSC_0626.JPG	2026:06:05 17:57:26
DSC_0627.JPG	2026:06:05 17:57:26
DSC_0628.JPG	2026:06:05 17:57:26
DSC_0629.JPG	2026:06:05 17:57:31
DSC_0630.JPG	2026:06:05 17:57:31
DSC_0631.JPG	2026:06:05 17:57:32
DSC_0632.JPG	2026:06:05 17:57:32
DSC_0633.JPG	2026:06:05 17:57:32
DSC_0634.JPG	2026:06:05 17:57:48
DSC_0635.JPG	2026:06:05 17:57:48
DSC_0636.JPG	2026:06:05 17:57:48
DSC_0637.JPG	2026:06:05 17:57:49
DSC_0638.JPG	2026:06:05 17:57:49
DSC_0639.JPG	2026:06:05 17:57:49
DSC_0640.JPG	2026:06:05 17:57:50
DSC_0641.JPG	2026:06:05 17:57:50
DSC_0642.JPG	2026:06:05 17:57:51
DSC_0643.JPG	2026:06:05 17:57:51
DSC_0644.JPG	2026:06:05 17:57:51
DSC_0645.JPG	2026:06:05 17:57:51
DSC_0646.JPG	2026:06:05 17:57:51
DSC_0647.JPG	2026:06:05 17:57:52
DSC_0648.JPG	2026:06:05 17:57:53
DSC_0649.JPG	2026:06:05 17:57:53
DSC_0650.JPG	2026:06:05 17:57:53
DSC_0651.JPG	2026:06:05 17:58:14
DSC_0652.JPG	2026:06:05 17:58:15
DSC_0653.JPG	2026:06:05 17:58:15
DSC_0654.JPG	2026:06:05 17:58:15
DSC_0655.JPG	2026:06:05 17:58:15
DSC_0656.JPG	2026:06:05 17:58:16
DSC_0657.JPG	2026:06:05 17:58:17
DSC_0658.JPG	2026:06:05 17:58:17
DSC_0659.JPG	2026:06:05 17:58:17
DSC_0660.JPG	2026:06:05 17:58:18
DSC_0661.JPG	2026:06:05 17:58:18
DSC_0662.JPG	2026:06:05 17:58:18
DSC_0663.JPG	2026:06:05 17:58:18
DSC_0664.JPG	2026:06:05 17:58:36
DSC_0665.JPG	2026:06:05 17:58:37
DSC_0666.JPG	2026:06:05 17:58:37
DSC_0667.JPG	2026:06:05 17:58:37
DSC_0668.JPG	2026:06:05 17:58:37
DSC_0669.JPG	2026:06:05 17:58:38
DSC_0670.JPG	2026:06:05 17:58:38
DSC_0671.JPG	2026:06:05 17:58:39
DSC_0672.JPG	2026:06:05 17:58:39
DSC_0673.JPG	2026:06:05 17:58:39
DSC_0674.JPG	2026:06:05 17:58:39
DSC_0675.JPG	2026:06:05 17:58:39
DSC_0676.JPG	2026:06:05 17:58:40
DSC_0677.JPG	2026:06:05 18:23:50
DSC_0678.JPG	2026:06:05 18:23:51
DSC_0679.JPG	2026:06:05 18:23:51
DSC_0680.JPG	2026:06:05 18:23:52
DSC_0681.JPG	2026:06:05 18:23:53
DSC_0682.JPG	2026:06:05 18:23:53
DSC_0683.JPG	2026:06:05 18:23:53
DSC_0684.JPG	2026:06:05 18:23:59
DSC_0685.JPG	2026:06:05 18:23:59
DSC_0686.JPG	2026:06:05 18:23:59
DSC_0687.JPG	2026:06:05 18:24:00
DSC_0688.JPG	2026:06:05 18:24:01
DSC_0689.JPG	2026:06:05 18:24:01
DSC_0690.JPG	2026:06:05 18:24:02
DSC_0691.JPG	2026:06:05 18:24:02
DSC_0692.JPG	2026:06:05 18:24:02
DSC_0693.JPG	2026:06:05 18:24:03
DSC_0694.JPG	2026:06:05 18:29:11
DSC_0695.JPG	2026:06:05 18:29:12
DSC_0696.JPG	2026:06:05 18:29:21
DSC_0697.JPG	2026:06:05 18:29:22
DSC_0698.JPG	2026:06:05 18:29:33
DSC_0699.JPG	2026:06:05 18:29:34
DSC_0700.JPG	2026:06:05 18:29:35
DSC_0701.JPG	2026:06:05 18:29:36
DSC_0702.JPG	2026:06:05 18:29:52
DSC_0703.JPG	2026:06:05 18:29:54
DSC_0704.JPG	2026:06:05 18:29:55
DSC_0705.JPG	2026:06:05 18:29:56
DSC_0706.JPG	2026:06:05 18:29:57
DSC_0707.JPG	2026:06:05 18:29:58
DSC_0708.JPG	2026:06:12 15:13:51
DSC_0709.JPG	2026:06:12 15:14:19
DSC_0710.JPG	2026:06:12 15:14:40
DSC_0711.JPG	2026:06:12 15:14:57
DSC_0712.JPG	2026:06:12 15:17:52
DSC_0713.JPG	2026:06:12 15:17:56
DSC_0714.JPG	2026:06:12 15:20:47
DSC_0715.JPG	2026:06:12 15:20:52
DSC_0716.JPG	2026:06:12 15:20:54
DSC_0717.JPG	2026:06:12 15:24:49
DSC_0718.JPG	2026:06:12 15:24:53
DSC_0719.JPG	2026:06:12 15:25:26
DSC_0720.JPG	2026:06:12 15:25:30
DSC_0721.JPG	2026:06:12 15:30:32
DSC_0722.JPG	2026:06:12 15:30:42
DSC_0723.JPG	2026:06:12 15:37:03
DSC_0724.JPG	2026:06:12 15:37:14
DSC_0725.JPG	2026:06:12 15:43:05
DSC_0726.JPG	2026:06:12 15:43:17
DSC_0727.JPG	2026:06:12 15:43:18
DSC_0728.JPG	2026:06:12 15:53:28
DSC_0729.JPG	2026:06:12 15:53:43
DSC_0730.JPG	2026:06:12 15:54:24
DSC_0731.JPG	2026:06:12 15:54:29
DSC_0732.JPG	2026:06:12 15:55:01
DSC_0733.JPG	2026:06:12 15:55:03
DSC_0734.JPG	2026:06:12 15:56:45
DSC_0735.JPG	2026:06:12 15:56:55
DSC_0736.JPG	2026:06:15 16:03:43
DSC_0737.JPG	2026:06:15 16:03:45
DSC_0738.JPG	2026:06:15 16:03:58
DSC_0739.JPG	2026:06:15 16:09:11
DSC_0740.JPG	2026:06:15 16:11:17
DSC_0741.JPG	2026:06:15 16:12:36
DSC_0742.JPG	2026:06:15 16:17:23
DSC_0743.JPG	2026:06:15 16:21:03
DSC_0744.JPG	2026:06:15 16:24:43
DSC_0745.JPG	2026:06:15 16:29:17
DSC_0746.JPG	2026:06:15 16:34:41
DSC_0747.JPG	2026:06:18 15:27:38
DSC_0748.JPG	2026:06:18 15:32:13
DSC_0749.JPG	2026:06:18 15:32:28
DSC_0750.JPG	2026:06:18 15:36:44
DSC_0751.JPG	2026:06:18 15:45:26
DSC_0752.JPG	2026:06:18 15:56:02
DSC_0753.JPG	2026:06:18 15:58:40
DSC_0754.JPG	2026:06:18 15:59:20
DSC_0755.JPG	2026:06:25 15:40:44
DSC_0756.JPG	2026:06:25 15:40:59
DSC_0757.JPG	2026:06:25 15:49:35
DSC_0758.JPG	2026:06:25 15:50:12
DSC_0759.JPG	2026:06:25 15:53:03
DSC_0760.JPG	2026:06:25 15:53:10
DSC_0761.JPG	2026:06:25 16:00:06
DSC_0762.JPG	2026:06:25 16:02:28
DSC_0763.JPG	2026:06:25 16:03:53
DSC_0764.JPG	2026:06:25 16:09:26
DSC_0765.JPG	2026:06:25 16:09:56
DSC_0766.JPG	2026:06:25 16:12:50
DSC_0767.JPG	2026:06:25 16:12:52
DSC_0768.JPG	2026:06:25 16:21:56
DSC_0769.JPG	2026:06:30 15:44:28
DSC_0770.JPG	2026:06:30 15:44:40
DSC_0771.JPG	2026:06:30 15:45:24
DSC_0772.JPG	2026:06:30 15:56:15
DSC_0773.JPG	2026:06:30 15:56:28
DSC_0774.JPG	2026:06:30 16:05:24
